total_size_free,total_size_used
1.0,-1.0000000000000064
-1.0000000000000064,1.0
