total_size_used,total_size_free
1.0,-1.000000000001294
-1.000000000001294,1.0
