total_size_free,total_size_used
1.0,-0.9999999999999774
-0.9999999999999774,1.0
